<?xml version="1.0" encoding="UTF-8"?>
<project-private xmlns="http://www.netbeans.org/ns/project-private/1">
    <editor-bookmarks xmlns="http://www.netbeans.org/ns/editor-bookmarks/2" lastBookmarkId="0"/>
    <open-files xmlns="http://www.netbeans.org/ns/projectui-open-files/2">
        <group>
            <file>file:/C:/Users/92323/Desktop/ESPActual/src/espactual/dashboard9.java</file>
            <file>file:/C:/Users/92323/Desktop/ESPActual/src/espactual/dashboard.java</file>
            <file>file:/C:/Users/92323/Desktop/ESPActual/src/espactual/log.java</file>
        </group>
    </open-files>
</project-private>
